Male-Female ratio,Total suicide rate,Poverty Value
3.04702317,9.11394,
3.3799990760000003,8.201165,
3.7675493689999997,13.159920000000001,
4.997783296000001,2.5764270000000002,
1.6917619369999999,24.59151,
2.147010652,5.8208269999999995,
3.0993516210000003,9.0554,
2.241921793,8.411093,8.9
2.130029399,8.116419,
3.584370512,11.221060000000001,
3.130567263,9.414491,
3.075045713,7.869432000000001,
2.1939395719999997,22.57001,
3.488653872,2.5951,
3.1053632789999996,6.741952,
1.579055647,22.29591,
2.006613829,6.296042,
3.192203749,9.763074000000001,
3.817543953,5.949848,
3.328319818,6.002937,
2.059632503,9.073273,8.9
3.379705672,14.559920000000002,
2.8728711560000004,19.60526,
2.121933578,4.269865,
2.065972035,8.081386,
3.568812603,10.248619999999999,
3.095153602,10.52931,
3.2567667819999997,7.786166000000001,
2.237533763,21.804170000000003,
5.1942909639999995,18.39353,
3.7968275989999998,13.29235,
3.841675586,2.139424,
2.7609916589999997,6.215577,
1.525598571,22.08236,
1.966645444,6.490525,
3.0381046489999997,10.142510000000001,
2.992164485,6.338094,
2.90077304,6.088732,
1.834350454,8.763982,8.9
3.7442893130000003,14.89569,
3.03140903,19.82315,
2.044589321,5.576343,
2.199388764,7.789028999999999,
3.704064343,9.890234,
2.313132549,15.98879,
2.6964094960000002,10.77947,
3.443998793,7.629455999999999,
4.843954621999999,1.1437410000000001,41.82222222222222
2.617768149,18.96523,
2.092182001,22.97208,
4.28264409,18.1846,
3.7753781139999996,13.181410000000001,
3.9283745939999997,2.084519,
2.457512561,6.314083,
1.569268202,23.71347,
1.974752055,6.7085539999999995,
2.58072817,9.711038,
2.745877408,6.933944,
3.412626255,6.0441080000000005,
2.330025799,9.034234,8.9
3.0930512969999997,16.38975,
3.657920844,20.13758,
4.053304553,6.223582,
2.104559239,8.469019,
3.8664156789999997,9.985363000000001,
2.364027248,16.459970000000002,
3.0180437689999997,10.70571,
3.001702755,11.33692,
3.1436980119999998,7.803952000000001,
4.6296739460000005,1.9392349999999996,41.82222222222222
2.913708155,19.44373,
2.14516624,22.0815,
4.451868064,19.808139999999998,
3.821174502,13.92929,
4.59099289,2.020635,
2.54490792,5.898098,
1.707157658,26.39625,
2.097053282,6.418634,
3.254685143,8.59666,
4.947586558999999,6.780933,
3.5784535660000003,5.903178,
1.997287187,10.22454,8.9
3.1171289339999997,14.8011,
3.081056704,20.834220000000002,
2.491212366,6.130192,
2.056846207,8.928727,
4.033025616000001,10.05145,
2.237045083,17.54097,
2.912951685,10.29923,
2.301162602,20.5962,
2.995276586,10.973989999999999,
3.192913652,7.667578,
5.949265854,5.732178,16.42
7.235706628000001,1.592191,41.82222222222222
2.7673135980000003,18.7464,
2.264345647,22.07839,
4.227684242,20.871170000000003,
3.62577686,13.754610000000001,
2.347915774,20.56651,14.15
3.590967033,2.3620400000000004,
2.7483709739999997,6.432989,
1.713670166,28.07184,
3.4708675879999995,1.542594,45.36666666666667
1.761619675,6.137308999999999,
2.746938213,9.072194999999999,
3.84792721,6.805039,
4.764635897,9.764024000000001,
3.488064291,5.536589,
2.2573720269999997,9.111322,8.9
3.224560513,15.539320000000002,
2.7638777119999998,19.63045,
4.673040222,7.998585,
1.909903561,8.922245,
3.597398545,10.12583,
2.306860859,12.86885,
4.242107691,7.14124,
2.173852791,17.215970000000002,
2.7985633489999997,10.83826,
2.396289827,19.92693,
2.557333264,11.9794,
3.390424554,8.347555,
4.73340024,9.149643,16.42
6.6531576249999995,1.259542,41.82222222222222
2.678242075,19.39845,
2.1241338080000003,21.210379999999997,
4.447240686000001,23.298779999999997,
3.376337416,14.989170000000001,
2.581004746,19.2651,14.15
5.392166314,2.63976,
2.755666715,6.47865,
1.617269761,27.20567,
3.02392847,1.9922490000000002,45.36666666666667
1.5585949369999998,6.024011,
2.0415904819999997,9.458788,
4.481441392,6.656648,
4.938218312,10.68105,
3.051626532,5.30954,
2.625123955,10.25548,8.9
3.43839294,17.58902,
2.949515755,19.803639999999998,
6.442483704,7.2831850000000005,
1.8762689959999999,9.326525,
3.647090499,9.942091,
2.231280967,15.14202,
3.6338126739999996,7.792184,
2.278906719,16.75506,
2.641631207,12.24532,
2.5069754140000002,20.9564,
2.629816417,11.964830000000001,
3.6023916710000004,8.257942,
5.759339856,9.159602,16.42
5.923355571999999,0.8708676999999999,41.82222222222222
2.7688006080000003,19.76243,
2.116092669,20.65602,
3.863287443,22.88635,
3.243691379,14.17177,
2.611648035,21.22462,14.15
3.666921583,2.4785470000000003,
2.6148431519999997,6.252029,
1.615644939,26.59276,
3.0925948700000006,2.008836,45.36666666666667
1.47989037,6.402703,
2.55057028,10.02139,
4.198125783,6.65373,
4.069976582,8.586464,
2.9602354269999998,5.280958,
2.728018342,10.87995,8.9
3.540675683,17.43832,
3.2711963689999997,19.26623,
14.59078027,7.703564,
1.806947481,9.353083999999999,
3.72282962,9.770529,
2.403169556,11.892439999999999,
3.741283405,6.423306,
2.217153212,16.411179999999998,
3.102981275,12.51539,
2.453268706,20.79216,
2.8667325010000004,12.1242,
4.011051746000001,8.249329,
4.673624232,8.201006,16.42
2.977964593,3.027905,41.82222222222222
2.68286741,19.55592,
2.246194122,19.636020000000002,
3.77422257,22.13796,
3.2467699210000003,14.285470000000002,
2.454242484,23.01719,14.15
3.447584724,2.666456,
2.544150761,5.9408650000000005,
1.547725904,27.66998,
3.433357418,2.393625,45.36666666666667
1.796629401,6.724334,
3.0652868239999997,10.16197,
4.541577398,6.561033999999999,
3.6914807510000003,9.343463999999999,
3.028687746,5.0396589999999994,
2.977901449,11.22152,8.9
3.0330165260000004,14.90001,
2.978305368,19.4159,
3.901142335,4.839097,
1.8399991180000002,9.39134,
3.6499081589999998,10.75953,
3.2392956280000003,11.72974,
3.6562879589999997,7.789600999999999,
2.331025242,16.91541,
2.917857055,11.269219999999999,
2.554199206,21.81896,
2.734352425,10.79907,
3.720728481,8.147938,
4.963732062,6.93117,16.42
2.747781522,3.5643710000000004,41.82222222222222
2.730834265,20.90478,
2.274340633,19.808,
3.901616823,20.87642,
3.1744380160000003,14.609729999999999,
2.7378082139999997,25.01546,14.15
3.422544921,2.569155,
2.552818516,5.9783040000000005,
1.49259569,24.61028,
3.5687097599999995,2.610376,45.36666666666667
1.72772598,6.9965399999999995,
3.4659010560000003,9.240169999999999,
3.133932901,7.132935000000001,
4.626286835,7.339003999999999,17.1
4.891432413,9.703836,
3.233785379,5.153630000000001,
2.2496264,10.7647,8.9
2.956311592,15.868120000000001,
3.4405607330000003,17.98966,
1.7972199969999998,9.215195,
3.6555909769999997,10.66436,
3.328406383,12.4441,
2.401927218,7.69146,
2.243165732,16.6044,
2.520857693,10.84956,
2.434064352,20.19164,
2.9023261430000002,12.10405,
3.99779148,8.403478999999999,
4.258015598,9.322284,16.42
3.2056758119999995,3.6479279999999994,41.82222222222222
2.479830205,21.57999,
2.103357557,18.923270000000002,
3.9918720010000004,21.18496,
3.3280753919999997,13.82906,
2.548225626,24.0992,14.15
2.471961039,2.859048,
2.442584519,5.758146,
1.446518129,23.21706,
3.0071377669999997,2.510826,45.36666666666667
1.7229746019999999,6.644284,
2.663792912,10.2839,
4.37348608,6.053056,
4.9367210969999995,8.736814,17.1
4.080894164,9.007988000000001,
3.1240120389999997,5.520239,
2.527659019,12.93573,8.9
3.027759515,15.2327,
2.749412123,17.785629999999998,
3.4424591010000003,4.224579,
1.8009466790000002,9.088522,
3.439486811,10.78558,
2.7449604410000004,13.09532,
3.162728925,7.849769,
2.23185673,16.64503,
2.578194147,12.21164,
2.564374761,19.24125,
2.9002267789999996,12.21452,
4.052930298,8.312451,
3.587990888,9.362956,16.42
2.407781158,4.86364,41.82222222222222
2.7096677060000003,19.954060000000002,
2.069782446,15.55525,
4.10978145,21.32791,
3.5442343710000004,13.910070000000001,
2.054196324,4.290765,
2.602079357,24.43875,14.15
3.8500601910000003,3.269393,
2.445018709,5.20988,
1.400094543,21.11743,
9.816575986,4.575146,
3.8494904819999998,2.354637,45.36666666666667
1.928497319,6.562958999999999,
3.319272458,9.060349,
4.079741055,6.249229,
4.7728136569999995,9.564972000000001,17.1
3.604642265,9.241166,
3.547186953,5.153321,
2.230742384,12.5786,8.9
3.083825912,14.734420000000002,
2.54360219,17.05184,
3.5729219389999995,4.686509,
1.691923719,9.13943,
3.3828395469999997,10.61668,
2.463423593,7.561757000000001,
2.13200519,16.636429999999997,
2.23768361,14.192520000000002,
2.8176161019999997,19.71283,
2.837038045,11.2106,
3.674934732,8.002673,
4.688115156,8.013679,16.42
3.201675963,5.712422,41.82222222222222
6.334164531,3.1910889999999994,21.76666666666667
2.669812909,19.93304,
1.96198468,17.733539999999998,
3.8279979139999996,22.7411,
3.5014052710000003,13.27934,
1.8255821859999999,3.351786,
2.604054485,23.808120000000002,14.15
3.668009533,1.8946740000000002,
2.577737204,5.0773209999999995,
1.464126426,18.91668,
4.784879453,2.866556,
5.100344941,2.212371,45.36666666666667
1.60103672,6.530163,
2.199799381,9.04999,
4.250308939,7.249916000000001,
4.350447489,10.05943,17.1
4.208212035,8.76357,
3.2810619410000004,4.831709,
2.761014537,14.819820000000002,8.9
2.959595947,16.2228,
2.8394940460000004,17.73772,
4.5852350369999995,3.849185,
1.689439711,9.843241,
3.092829115,11.17855,
2.534500386,7.471539,
2.229047001,16.25881,
2.022625695,16.3551,
2.508638591,19.32392,
2.413113918,11.66752,
3.055719472,8.473262,
9.677609821,4.446839,16.42
2.568299111,5.711244999999999,41.82222222222222
5.2137798150000005,5.0869,21.76666666666667
2.7494264210000003,20.5491,
2.074774948,17.73943,
4.3387008410000005,19.644029999999997,
3.472698039,13.758920000000002,
1.941516726,3.7192730000000003,
20.357868370000002,3.7666049999999998,51.93333333333334
2.455616011,25.57378,14.15
2.760838798,2.566983,
2.405900764,4.884308,
1.504359566,17.30252,
10.02973783,3.674238,
3.6867993019999994,2.472383,45.36666666666667
1.851262107,6.089311,
1.9169414230000001,10.28979,
2.8904136260000004,7.292679,
5.188927413,9.06005,17.1
4.307079218999999,9.724658999999999,
2.711202519,15.6672,
3.221485182,4.821046,
2.970946207,15.670520000000002,8.9
2.635665284,16.32049,
2.788473282,16.13738,
8.613595809,2.567165,
1.6386122730000001,10.090119999999999,
2.9185463819999997,11.40495,
3.538033862,10.5521,
2.7856640539999997,7.585800999999999,
2.246590827,17.07545,
1.99078858,15.123170000000002,
2.892779239,19.99342,
2.707967847,11.73851,
2.490889566,8.495569,21.75
3.0313528819999997,9.206102,
4.655518197,3.5451230000000002,16.42
2.3493223209999994,5.996255,41.82222222222222
6.244720858,4.245873000000001,21.76666666666667
1.8350748159999999,12.48559,
2.7225662,19.778589999999998,
1.83574644,19.299210000000002,
3.566778546,20.31372,
3.260170015,13.307929999999999,
2.745839723,3.110028,
6.735159179,3.5613239999999995,51.93333333333334
2.655109903,26.82395,14.15
5.146106985,2.102345,
2.624588628,5.01984,
1.4509825669999998,16.28279,
4.661986882,3.8989949999999998,
3.6182050869999998,2.430185,45.36666666666667
1.764308895,6.484751,
1.639818674,8.602016,
3.820692123,6.609901,
4.402170525,9.172454,17.1
4.702052094,9.650346,
4.162580233,14.75906,
3.5461999289999997,4.801648999999999,
2.352822352,17.494310000000002,8.9
2.597455579,17.42311,
2.633850206,15.95987,
1.5789287140000001,9.696188000000001,
2.9220059089999997,11.15046,
3.550144332,8.92964,
3.248026863,8.17251,
2.2324196119999997,17.78603,
1.768392631,15.433129999999998,
2.52792112,20.16066,
2.360173134,12.73038,
2.0056458409999998,8.836132000000001,21.75
2.898320874,9.751631,
3.4206933509999997,2.4738130000000003,16.42
2.237499096,7.919828,41.82222222222222
12.299155699999998,3.3071249999999996,21.76666666666667
2.845559007,20.48941,
1.7253031019999998,17.74087,
4.31615164,20.221339999999998,
3.46448793,13.53311,
2.182933659,3.1910369999999997,
12.942119410000002,3.4626870000000003,51.93333333333334
2.615843911,27.768440000000002,14.15
7.025491869,1.793074,
2.6487365609999998,5.080476,
1.508884052,15.842360000000001,
12.40560315,5.183848,
3.0885388839999997,2.298479,45.36666666666667
1.75471476,6.784864999999999,
2.072060836,9.86611,
3.455790607,7.193688000000001,
4.824584071,9.625675,17.1
4.528010435,9.415473,
2.151492348,14.09774,
3.2371772080000003,4.588103,
2.42950994,16.24983,8.9
2.6956678760000004,16.62649,
3.039293115,17.28978,
1.5457171269999999,9.024946,
2.7431145089999998,11.52387,
3.128219195,11.47799,
3.3815703360000002,8.598449,
2.200532392,17.56664,
3.233862499,7.916583,
1.68368123,14.58644,
2.713764694,20.39829,
2.508755907,12.0517,
2.47231548,9.524807000000001,21.75
2.966532698,9.506003,
3.734816874,8.50732,16.42
2.144930595,7.3776399999999995,41.82222222222222
11.07040929,4.695526,21.76666666666667
2.87866216,22.1313,
2.0079470440000002,16.25596,
3.5909855810000004,19.54756,
3.244565112,14.06569,
1.826331916,3.089904,
14.76510073,2.7726730000000006,51.93333333333334
2.581961815,27.2135,14.15
3.0438881639999997,2.288637,
2.577500946,4.755507,
1.4234294219999999,16.125020000000003,
3.8043225769999998,5.288391000000001,
3.3133749089999998,2.24384,45.36666666666667
1.8091551559999999,6.974983,
1.807729404,9.772851,
3.195174106,6.464213,
5.247357059,10.478660000000001,17.1
3.9480209389999996,9.795266999999999,
1.696443216,16.72129,
3.594514854,4.460283,
2.2946380790000003,16.488879999999998,8.9
2.6851026410000003,17.66613,
2.848656117,17.3628,
1.553412455,8.776800999999999,
2.80699989,11.28246,
3.0946299689999996,11.12681,
2.96325604,9.177764999999999,
2.249637163,18.11726,
3.4390531,9.915175999999999,
1.759873326,15.658779999999998,
2.8871168989999996,19.63787,
2.504366405,12.59613,
2.637892521,9.771757000000001,21.75
2.785801447,9.954080000000001,
6.207237042,2.656462,16.42
2.0951398340000007,8.422911999999998,41.82222222222222
20.325960799999997,4.536896999999999,21.76666666666667
2.942710066,22.7391,
2.150575646,16.132839999999998,
4.201124158,20.14198,
3.285635988,14.02401,
2.268728147,3.2863230000000003,
8.081959951,4.762258999999999,51.93333333333334
2.7606748160000003,28.619940000000003,14.15
2.9147981360000004,2.499259,
2.618677758,5.072762,
1.422807889,14.90673,
2.6595854919999997,3.35965,
3.2929735689999995,2.701641,45.36666666666667
1.89660721,6.155667,
2.494088563,10.93388,
3.110379935,6.344692,
5.193279334,10.6868,17.1
4.327494983,10.14005,
1.697972143,15.980310000000001,
3.2742829939999996,4.289072,
2.670239911,21.32496,8.9
2.799367075,19.30806,
3.152967214,16.70741,
4.597998685,5.010607,
1.6816168969999998,8.305869,
2.656153065,11.19782,
3.300826463,10.53261,
3.0250241460000002,8.547077999999999,
2.44578916,19.04104,
3.3901316739999996,10.74287,
2.026715155,13.19256,
2.97752575,19.63363,
2.324352946,13.08375,
2.1256537630000003,9.300858999999999,21.75
2.75676834,10.67558,
4.488873255,10.47899,16.42
2.9617128430000004,5.364674,41.82222222222222
11.54756845,3.973892999999999,21.76666666666667
1.6177666880000001,13.98158,
2.805292187,23.26697,
1.908497558,18.82345,
3.885617774,22.06191,
2.9650822519999998,13.76804,
2.9122844519999997,3.4244269999999997,
2.6973749339999995,5.019979,51.93333333333334
2.922605682,30.45475,14.15
3.576103565,2.648572,
2.585123368,4.909084,
1.405045813,15.12224,
2.415669955,2.9565639999999997,
4.263740416,2.141833,45.36666666666667
1.799239667,6.136596,
2.169633871,10.420689999999999,
3.284268796,7.568803,
5.173406314,11.04561,17.1
3.876283805,9.452449,
1.9650499909999999,19.42398,
3.0559466619999998,4.108692,
2.860920919,21.39651,8.9
2.674477981,19.36115,
2.85229917,16.16756,
2.015764602,8.639403,
1.66562872,8.011331,
2.750381581,11.05477,
3.461426047,10.592419999999999,
2.99959409,8.210797,
2.254291634,18.43233,
2.9672316480000003,13.300239999999999,
3.7507685360000003,10.480319999999999,
2.190015302,12.76834,
2.534774004,20.016,
2.557860873,12.58881,
2.1766624759999997,10.71659,21.75
2.53189089,11.75264,
4.135499639,8.529561,16.42
3.941421784,3.9503410000000008,41.82222222222222
14.228443840000002,4.448352,21.76666666666667
1.260117164,12.12626,
3.0510377760000003,21.774639999999998,
1.789723524,19.19158,
3.984199818,23.43647,
3.041928132,13.918170000000002,
2.462848562,3.297191,
4.257946973999999,3.423468,51.93333333333334
2.881080334,29.736490000000003,14.15
2.693596992,1.81854,
2.456812541,5.000934,
1.3920821030000001,15.031889999999999,
14.15207582,1.7863330000000002,
5.921951952000001,1.0068549999999998,45.36666666666667
1.688485569,7.181813000000001,
1.9571545890000002,10.73066,
3.9877253610000003,7.584558,
4.772386179,11.50053,17.1
4.086109895,8.68035,
1.9190698880000001,13.9952,
3.6171591760000004,4.217566000000001,
2.437443972,19.5681,
2.78052237,16.246920000000003,
1.666897733,7.532174,
2.611529388,11.40742,
2.948915964,10.8668,
2.948365512,9.791901,
2.169514017,18.76726,
2.910881026,14.44645,
3.154566584,10.29312,
2.324426473,12.83559,
3.00540952,21.931829999999998,
2.1265701359999998,13.8067,
2.28045348,11.03628,21.75
2.563507448,12.15343,
4.503272658999999,7.418611999999999,16.42
9.198206271999998,3.369492999999999,21.76666666666667
1.53319428,14.18285,
3.059571521,23.75488,
1.848409875,19.6677,
3.9787211460000003,20.95512,
3.0011989430000003,13.73334,
2.575702428,2.90197,
7.653166924,3.976593,51.93333333333334
2.963492627,30.752470000000002,14.15
5.366489695,1.8722869999999998,
2.443265189,5.186391,
1.411687299,15.5977,
4.569369505,2.5276419999999997,
4.884783538,1.6035580000000003,45.36666666666667
1.7107785969999998,7.819364,
2.061647058,10.19759,
2.404369273,7.94972,
5.001243695,11.5039,17.1
4.057515179,8.103641,
1.7773887080000002,13.73209,
3.156039906,3.856842,
2.321305489,19.88535,
2.953193347,17.27734,
3.294600276,10.13952,
1.612975377,6.953133,
2.594913103,11.83682,
2.762041813,9.65274,
3.143663188,9.390052,
2.15558946,19.285420000000002,
1.970500247,14.15584,
2.543653989,20.31294,
2.47285028,12.982999999999999,
2.571763102,11.23274,21.75
2.69225317,12.616539999999999,
5.949208146,7.009671,16.42
7.12134073,4.513410999999999,21.76666666666667
1.63594378,16.16134,
3.31200443,22.63649,
1.8059561000000002,22.50454,
3.9889474810000003,21.10748,
2.869899052,13.659239999999999,
2.547226292,3.066059,
3.86882273,4.443131999999999,51.93333333333334
2.830170583,31.83216,14.15
2.75008945,3.084166,
2.415313173,5.396069000000001,
1.435325096,15.73448,
3.0338495119999997,5.022974,
5.144161002,0.9858096,45.36666666666667
1.575832785,7.983579,
1.772101856,8.871929,
2.9486919680000003,7.7728410000000006,
5.201150284,11.82271,17.1
4.8026566719999995,8.103888000000001,
1.6651704390000002,16.353360000000002,
3.481100009,4.086316,
2.345508181,18.19591,
2.42810366,17.30537,
6.248435412,6.055122,
1.613185659,6.9504850000000005,
2.493238559,11.877839999999999,
3.7188605139999997,10.68481,
3.159483897,8.793550999999999,
2.148786039,18.781270000000003,
2.029717314,13.0239,
2.742546737,20.87694,
2.26410991,13.16265,
2.4722658369999997,10.35056,21.75
2.500573943,12.786389999999999,
5.042484259,6.752884,16.42
3.2241892350000003,4.65205,41.82222222222222
5.413016641,4.327007000000001,21.76666666666667
1.471725362,17.42713,
3.107759826,22.7179,
1.798363767,21.70824,
4.192136341,22.989279999999997,
2.819305628,14.3131,
2.78014725,2.421791,
2.842667497,32.43127,14.15
2.500446855,3.215841,
2.4287358230000002,5.260768,
1.464074963,16.93228,
1.5819509440000001,0.3344417,
4.534935302,2.8720939999999997,
4.819741491,0.9885219,45.36666666666667
1.6324031540000001,7.962560000000001,
2.017789129,9.487917,
2.531303479,8.516699000000001,
5.200890994,11.99342,17.1
4.031180946,7.841224,
2.427137089,16.65082,
3.301129781,4.21391,
2.59146788,18.19821,
2.678866519,18.16105,
2.396322111,11.39815,
1.6342252990000001,6.809535,
2.620464631,12.13471,
4.240069602,11.40697,
3.204636691,8.417902,
2.175901745,17.861929999999997,
2.134535465,12.02608,
2.790644443,19.628770000000003,
2.48179855,12.45009,
2.5373612430000003,10.41801,21.75
2.542782252,13.054839999999999,
4.799314227,6.184073000000001,16.42
4.670545771999999,3.822319999999998,21.76666666666667
1.8868527830000001,19.447589999999998,
3.3141039360000004,20.75337,
1.6862542130000002,21.587410000000002,
2.0881398140000003,28.4586,
1.124020595,0.108874,
3.8897182810000004,22.402839999999998,
2.8979877010000004,13.699029999999999,
2.193235144,2.671934,
2.906343472,32.052929999999996,14.15
2.568586869,3.622531,
2.623371997,5.075356,
1.472272276,17.40054,
2.974387005,7.917421000000001,
5.149579666,0.9116459000000002,45.36666666666667
1.397697954,8.476431,
2.476784138,9.232681,
3.2882647560000002,8.158230999999999,
4.841466485,11.675889999999999,17.1
3.6085034310000004,8.201069,
1.585950145,15.64216,
2.945848268,3.980632,
2.501542866,18.63019,
2.7394348280000003,17.28867,
2.796467665,11.31108,
1.640179661,6.951233,
2.755467124,12.00975,
4.2450739,11.72857,
4.033296094,7.924212,
2.171312414,18.550320000000003,
2.2047622319999998,12.06323,
2.76574685,21.15685,
2.278885474,13.38962,
2.550351144,11.29529,21.75
2.6084735919999997,13.286220000000002,
6.051452387,6.592803999999999,16.42
3.196948913,4.668807,41.82222222222222
5.6994262220000005,5.254248000000001,21.76666666666667
1.5816620630000002,21.26069,
3.334921903,21.04074,
1.9811211069999999,23.28661,
2.108614748,29.79765,
2.9732365830000003,0.0632462,
4.030468859,23.92126,
2.854454023,13.843739999999999,
2.0602638030000002,3.139178,
2.900106376,35.13136,14.15
3.450740195,4.256819,
2.248634568,4.742774,
1.427884091,17.452479999999998,
3.362613718,5.022285,
4.784478963,2.820369,45.36666666666667
1.5677782519999999,8.901922,
2.2416592140000002,9.549904,
3.6549108510000003,9.948808,
4.724398218,11.11854,17.1
3.304564394,8.049552,
1.590463392,13.704070000000002,
2.908686777,3.733753,
2.540449773,17.76685,
2.485648585,18.81595,
1.792632409,8.571753999999999,
1.65314488,7.0541,
2.790134208,12.12908,
2.974512185,11.67496,
3.478749586,6.534744,
2.1833842359999998,18.67815,
2.197331127,11.39783,
3.022104503,21.48004,
1.9720028230000002,13.64228,
2.601973121,11.479460000000001,21.75
2.582595495,12.504560000000001,
5.776114182000001,8.086133,16.42
3.0904611290000004,4.353875000000001,41.82222222222222
4.264077843000001,5.511003000000001,21.76666666666667
1.60403549,20.65146,
3.213970235,20.32091,
1.6960188719999998,21.77992,
2.377807076,0.1390825,
4.168701438,23.645770000000002,
2.808969495,13.911320000000002,
1.7915856490000002,2.53475,
2.936394677,33.18042,14.15
2.348061972,5.251976,
1.36838005,8.390099000000001,
2.436865375,4.90521,
1.5776068369999998,17.71988,
3.4632548260000005,0.5039009,
2.688225545,8.736613,
5.191706127,2.2920540000000003,45.36666666666667
1.5802535180000001,8.604482,
2.073343754,10.10023,
2.6060646430000003,9.354595,
5.491103667000001,11.13316,17.1
3.56340563,8.096561999999999,
1.7503411690000001,15.866060000000001,
3.3509636130000002,3.674462,
2.48720218,17.47587,
2.728649478,20.89678,
2.228810588,10.15632,
1.641364965,6.728405,
2.796973731,12.45698,
4.09363607,9.963992,
3.660397267,7.114197,
2.2021945119999997,18.54281,
2.747949292,11.01759,
3.021966478,20.11514,
2.079500818,14.155120000000002,
2.60196802,12.37924,21.75
2.524667849,12.90813,
4.401040302,6.591233,16.42
3.469456542,4.243285,41.82222222222222
4.948385162999999,7.761082000000001,21.76666666666667
1.4377022959999999,21.284470000000002,
3.197883796,19.20295,
1.860040685,21.44132,
1.562844271,0.11973219999999998,
4.2781879510000005,24.25636,
2.7958236660000004,13.945070000000001,
2.106513654,2.509134,
2.7962321039999996,34.7974,14.15
2.379190371,5.984446,
1.706332234,8.078858,
2.424917389,4.944437000000001,
1.607183901,17.25519,
1.0982325179999999,0.2114564,
1.6075329390000002,6.924563,
4.522186766,2.1200959999999998,45.36666666666667
1.78771932,9.035349,
2.1972603719999997,9.691711999999999,
2.853358514,10.170539999999999,
5.4141916,11.86378,17.1
4.129578807,8.302361,
1.3143245559999999,15.033579999999999,
3.178937517,3.8569,
2.321215338,17.046329999999998,
2.721709085,20.31346,
2.9609975680000002,10.01869,
1.787427237,6.939591,
2.82707131,12.09256,
2.981073617,10.62018,
4.061156878999999,6.174378,
2.242481349,19.204420000000002,
2.861354368,7.778694000000001,
2.596234035,11.29412,
2.681223783,21.48151,
2.012234027,16.3792,
2.75143171,12.56126,21.75
2.882434677,14.12873,
7.739769075,6.894048,16.42
3.989426641999999,3.666697,41.82222222222222
3.6100587669999986,5.392558999999999,21.76666666666667
1.299799441,21.30074,
3.605591412,19.6305,
1.8639370530000001,21.754479999999997,
1.8660630040000001,0.38553899999999997,
4.117938312,24.15192,
2.568771951,14.55289,
2.540400411,2.9426509999999997,
0.0,0.03837659999999999,51.93333333333334
2.540973382,34.410540000000005,14.15
1.763686298,5.061938,
1.8588823019999998,7.223122999999999,
2.5743673730000003,5.444005000000001,
1.712421952,17.36071,
2.682547865,6.4922,
4.967793619,2.3518,45.36666666666667
1.773521286,8.780550999999999,
2.416927367,12.40648,
2.795009472,11.02213,
5.4970821260000005,12.11314,17.1
3.5459765830000003,8.719281,
1.680401639,12.9747,
3.1825977510000003,3.807381,
2.0045859790000002,21.285320000000002,8.9
2.6186928,17.41359,
2.547823939,21.83301,
2.630765629,9.403189,
1.723348013,7.156528999999999,
2.946859523,12.67173,
4.706399281,11.350610000000001,
4.375461486,5.967803,
2.198781394,19.99766,
2.8443766310000003,7.920763000000001,
2.4218079759999998,11.271289999999999,
2.9873709980000003,22.21951,
2.090299622,17.72808,
2.576478585,11.878680000000001,21.75
3.041278759,14.53326,
5.7950500279999995,6.103039,16.42
4.530614086,5.073588999999999,21.76666666666667
3.230966202,19.72062,
1.565936543,20.7717,
2.7812329019999997,0.2234905,
4.5553034089999995,23.771910000000002,
2.752463234,15.102529999999998,
2.747399518,2.634506,
2.644686497,37.23392,14.15
1.93182279,5.406909,
1.4823044730000001,6.227843,
2.669225705,5.600551,
1.7726278530000001,17.03292,
2.105530315,1.210655,
3.645001841,8.419885,
4.309610151,2.215146,45.36666666666667
1.421645426,9.135732,
1.856556836,10.64097,
2.766533641,11.18785,
5.745365204,12.96601,17.1
3.291529541,9.029814,
1.746285655,14.890020000000002,
3.08077986,3.8328910000000005,
2.287493023,16.828889999999998,
2.542565826,21.83531,
7.331935819,4.742816,
1.805198756,7.268871000000001,
2.99979308,11.81377,
3.507576943,10.212530000000001,
4.350095545,6.4884,
2.261427334,19.3982,
2.410003705,13.649389999999999,
2.70661492,6.838789,
2.536482946,11.64795,
2.8614787589999997,22.318929999999998,
2.057273098,18.26249,
2.408347702,12.448030000000001,21.75
3.034821165,13.825729999999998,
5.159209239,6.7151060000000005,16.42
5.938414541,4.458362999999999,21.76666666666667
3.508815587,18.36911,
1.711374925,23.39481,
1.9915405019999999,0.2004124,
4.239710072,23.013920000000002,
2.813510835,16.34446,
2.216624073,2.558398,
8.911141721999998,1.7021279999999999,51.93333333333334
2.796503108,38.48032,14.15
2.9426699860000003,5.977359,
2.061655113,7.480589,
2.512034556,6.052142,
1.802008771,17.21527,
3.2237312830000002,7.73685,
4.479135199,2.061273,45.36666666666667
1.368493763,9.801364999999999,
2.550673461,9.950380000000001,
2.348803873,11.58347,
5.6399558,12.47814,17.1
3.477178724,9.504736,
1.451246634,14.15758,
3.3502951519999997,3.858464,
2.201744303,18.168120000000002,
2.339654168,22.36834,
2.186238746,5.618334,
1.810390995,7.647055,
3.083649982,11.56452,
4.7174271580000005,5.365818,
2.304744816,18.42284,
2.585620023,13.78863,
2.975403,7.482319,
2.9712737860000002,10.9455,
3.006026233,22.572229999999998,
1.9162455269999998,19.005229999999997,
2.423124802,11.81065,21.75
3.1179094839999997,13.54163,
6.397968056,5.364541,16.42
4.449920603000001,6.46803,21.76666666666667
3.2548024410000003,18.44104,
1.908481169,28.32473,
2.480530298,0.042237000000000004,
4.155939036,23.5005,
2.7436595360000005,16.85985,
2.8353971039999997,2.851855,
5.022063315,1.591387,51.93333333333334
2.8243034689999997,39.0257,14.15
1.945324553,7.020132,
2.171254745,6.553365,
2.3869003159999997,6.204662,
1.854145617,16.62432,
2.507381036,0.9172870999999999,
4.301256198,29.739459999999998,19.299999999999997
4.412972887,1.7961189999999998,45.36666666666667
1.810935652,9.371663999999999,
2.113990003,10.796439999999999,
2.8076058089999996,11.61248,
3.114786604,7.085851,
4.9644593310000005,32.61327,
1.3962241930000001,13.21455,
3.505446309,4.074317,
2.245835374,32.41936,8.9
2.506695567,17.2743,
2.555515056,22.78979,
4.377064178,4.313765,
1.836010422,7.817475,
3.407663875,11.24043,
5.327800858,9.036381,
5.195560771,6.61136,
2.312976042,17.60207,
2.669820449,14.17751,
3.2678608989999995,8.257092,
3.076538419,11.08437,
3.0136810460000003,23.46337,
2.07168629,5.772842,
5.666250475,23.69643,5.9
2.168309212,18.76957,
2.57261052,11.7393,21.75
3.128014377,13.4263,
5.392663724,6.45021,16.42
5.449570883999999,4.865099999999999,21.76666666666667
3.561028903,18.38247,
1.919122872,26.380229999999997,
3.883253481,33.84017,17.9
4.236166873,21.88365,
2.8101406489999996,16.981939999999998,
3.9450908210000004,6.076667,16.2535
2.375527317,2.959483,
16.42085098,0.7140864000000001,51.93333333333334
2.5620057640000002,39.33583,14.15
2.329958342,7.216063,
1.857377514,5.766298,
2.6299770209999997,5.824463,
1.94575056,15.94026,
4.085030218,25.955779999999997,2.9
0.8423700999999999,0.9992955,
3.811670737,17.470660000000002,
5.022051465,30.217409999999997,19.299999999999997
6.3381075,32.5018,
1.351369679,1.948461,
4.087251525,2.207851,45.36666666666667
3.023717449,20.19888,17.5
1.64731735,9.240136,
3.273965545,10.181980000000001,
2.985937265,12.136460000000001,
2.7092388439999997,7.323402000000001,
5.2093378139999995,31.97382,
1.306966927,9.031858999999999,
3.31479862,4.204177,
2.131468796,32.34711,8.9
2.41892254,15.283570000000001,
2.458786365,21.00935,
2.615855755,5.462587,
3.012587762,12.085189999999999,
5.288678168,21.634120000000003,
2.053294821,7.91114,
3.2239709760000004,11.41708,
5.9580032560000005,8.679468,
3.198614728,9.733694999999999,
4.764073000000001,5.703158,
2.371340327,18.31943,
2.7587019760000002,15.063920000000001,
3.273441825,7.042588,
3.015831588,11.35668,
3.362630563,24.12704,
2.508390034,4.780469,
5.922457693999999,25.532729999999997,5.9
2.333559285,18.62509,
2.95497813,3.825186,
2.661067191,13.220189999999999,21.75
3.437566256,13.84684,
7.811043227000001,6.346614,16.42
4.280315148,5.131507999999999,21.76666666666667
3.4996394680000003,18.18637,
1.864884785,25.89203,
4.289659343,29.506240000000002,17.9
3.824132187,22.044079999999997,
2.8570699260000003,17.992,
3.484801669,4.933132,16.2535
2.439352588,3.1375889999999997,
2.7966525069999997,37.30019,14.15
2.792513376,7.4184339999999995,
1.697991559,5.661121,
2.704513646,6.243677,
1.998152764,16.10316,
4.402842209,25.19905,2.9
0.508308297,0.12007280000000001,
4.639450618,17.13514,
4.0251223,30.77425,19.299999999999997
5.29858751,32.52202,
4.242766416,1.771049,
4.330940161,2.146268,45.36666666666667
3.308697898,20.85837,17.5
1.63501117,9.772309,
2.4582941590000003,11.27103,
2.762935539,13.334710000000001,
2.616325195,7.759789,
5.250890287,32.35289,
1.420753727,11.54369,
3.038540849,4.445822,
2.315128248,34.98421,8.9
2.520503737,16.83182,
2.583422641,21.80501,
3.051431837,7.519302000000001,
2.234011387,10.14225,
4.9998813989999995,26.634929999999997,
5.289338256000001,22.45824,
2.184950204,7.787232,
3.458249088,11.4899,
4.925572596,10.49731,
3.0311664030000003,9.309304,
3.939834795,5.701323,
2.495835123,17.97009,
2.470848143,15.323739999999999,
2.69967714,6.405541,
3.307435939,10.6924,
3.025904988,23.308000000000003,
2.0421594730000003,19.625220000000002,
2.8272193189999997,4.306122,
3.0049901439999998,11.191989999999999,21.75
3.3684760639999998,14.30516,
6.27038257,6.285039,16.42
7.367606585000001,6.441837000000002,21.76666666666667
3.737954973,17.59199,
1.9381374580000001,24.59875,
4.132869375,22.45375,
2.847698138,18.64797,
3.0086642439999998,3.3332699999999997,
2.9172534580000002,39.79675,14.15
2.450060129,8.555241,
2.248407114,6.4763910000000005,
2.827645635,6.257329,
2.3427609730000003,19.1621,
1.820654217,0.4176624,
4.7027216560000005,29.75416,19.299999999999997
0.9422746759999999,1.814936,
4.315805033,1.92694,45.36666666666667
1.649800496,10.76355,
2.481562517,10.738669999999999,
2.6875400039999997,13.70544,
5.08741628,12.144060000000001,17.1
2.9867276069999997,9.075723,
1.428120974,12.48183,
3.178121172,5.082625,
2.307571142,38.270759999999996,8.9
2.526811114,16.53193,
2.848195023,22.06875,
2.962953232,9.482351,
5.031915601000001,27.69169,
2.291067667,7.708611,
3.5764285730000003,11.34989,
5.677222911,10.58008,
4.671599583,6.289893,
2.321534894,17.64894,
2.628800133,15.274920000000002,
3.178934607,6.581608999999999,
3.3478713910000004,10.94829,
3.137240085,23.068929999999998,
2.306874531,20.16465,
3.095258121,4.103057,
2.7839296680000003,14.27714,21.75
3.504685018,12.95502,
7.0509546279999995,6.772761,16.42
4.488641808,4.271548,41.82222222222222
5.141805089999999,5.493136999999998,21.76666666666667
3.49571562,16.84411,
1.8704929769999998,24.79798,
4.431201992,23.01888,
2.8253743989999998,18.867520000000003,
2.671753784,3.507659,
5.739506075,0.9041515999999999,51.93333333333334
3.100108987,39.57996,14.15
2.356331805,6.993085000000001,
2.188830453,5.915869,
2.711292822,6.417726999999999,
2.278118504,18.272070000000003,
1.1283547790000001,0.69339,
4.651833901,30.199559999999998,19.299999999999997
1.60025123,12.25493,
6.109392353,1.5547130000000002,45.36666666666667
1.6705664530000002,11.09751,
3.381142079,11.66898,
3.1190055830000003,13.35334,
4.954357994999999,1.6346959999999993,33.266666666666666
5.047066601,13.7317,17.1
2.644892466,9.594799,
1.364189111,9.511345,
3.308178872,5.760107,
2.411047513,39.0163,8.9
2.3541716459999997,17.24587,
2.72238138,21.64091,
2.901776813,6.576272,
5.099392107,29.182129999999997,
2.369535733,7.730339,
3.646750757,11.54221,
4.662824145,10.62964,
2.515753445,16.74963,
2.718856316,15.4428,
3.004803845,6.916961,
3.4912748089999996,11.36893,
2.978271916,23.7467,
2.758803943,4.439677,
3.3286206419999997,2.3618259999999998,
5.598650951000001,21.96483,5.9
2.282658198,19.40232,
3.549676629,10.2689,18.13333333333333
3.2196143669999997,3.875458,
2.7912129660000002,13.53859,21.75
3.795204069,12.08838,
5.636222752999999,6.411797,16.42
4.5092664639999995,4.051735,41.82222222222222
7.774687693999998,5.8059949999999985,21.76666666666667
3.0307731280000003,19.2657,
3.7101722169999998,17.28135,
1.7739938709999998,23.789379999999998,
5.0875910630000005,28.57263,17.9
4.238676372,22.46862,
2.823961914,19.29249,
3.047575195,4.419733,16.2535
2.418317635,3.529792,
3.404036923,38.0765,14.15
3.5512250830000003,8.168057000000001,
2.265720284,5.948347,
2.884436857,6.722367,
2.194101569,17.23945,
4.19261081,25.357110000000002,2.9
4.236955955,1.075324,
3.495998285,15.181410000000001,
4.2823083660000005,26.26718,19.299999999999997
4.934710997,32.62048,
1.9985278869999998,11.18559,
5.772899503999999,2.517403,45.36666666666667
3.800697675,20.84619,17.5
1.8929976430000002,10.105310000000001,
3.1683442580000003,9.995724000000001,
2.7868679610000004,13.370679999999998,
3.695476978000001,3.117213,33.266666666666666
5.29550156,13.034889999999999,17.1
2.850751065,8.797668,
4.960801287,29.07068,
1.462409995,14.50564,
3.967063371,29.96108,13.55
2.933585799,9.882328999999999,
3.15618755,5.697421,
2.543335449,38.07233,8.9
2.228340801,15.72008,
2.439618779,21.66124,
6.207719312999999,2.660398,
3.0947461310000004,9.738485,
4.725408107,24.1466,
5.0685473210000005,20.05759,
2.41823655,7.934777,
3.901965835,11.44829,
5.073006242,9.042464,
2.8475734939999997,11.09545,
4.935973113,6.1414089999999995,
2.646613527,16.78816,
2.7363769639999997,14.96809,
2.7955146419999997,7.883313,
3.4154430380000003,12.273539999999999,
2.964589862,24.3092,
2.282846787,4.251373,
4.700028073,16.7862,5.9
2.289679482,18.664360000000002,
3.277545018,11.7112,18.13333333333333
3.0422691060000004,3.839376,
2.62658298,13.316170000000001,21.75
3.5934864689999997,13.58978,
5.006840963,5.869994,16.42
4.221363082,3.6772129999999996,41.82222222222222
12.14665684,6.317044999999999,21.76666666666667
3.160496747,18.90348,
3.036187491,18.34381,9.7
3.368168833,17.46858,
1.872565245,23.63775,
3.86840595,25.37659,17.9
3.9078192310000004,24.28866,
2.798894021,19.4723,
2.732276171,4.354987,16.2535
3.190459505,3.379197,
5.228763915999999,3.186091,51.93333333333334
2.9493289889999996,38.7937,14.15
3.08285553,8.401656,
2.019039199,6.992752,
2.796194499,6.587619,
2.051830755,18.65963,
3.470902338,18.90608,2.9
2.007864002,0.7646793000000001,
3.512413881,11.66019,
4.389910592,22.45244,19.299999999999997
4.685610217,24.06269,
2.877116886,2.5883580000000004,
6.704267862999999,2.761398,45.36666666666667
2.975287901,18.78923,17.5
1.74392254,9.736112,
2.7787457289999997,12.300939999999999,
2.7736362469999998,13.01929,
5.260196711000002,4.503479,33.266666666666666
5.275728212,12.76347,17.1
2.950254417,8.301185,
4.030225576,21.37716,
1.474442099,14.410160000000001,
4.031730803,27.17877,13.55
3.132750381,9.032893,
3.3265667660000005,6.221115,
2.8943002360000003,35.899770000000004,8.9
2.617693844,16.13395,
2.633511295,19.581770000000002,
2.222140375,9.592935,
2.245642791,12.05377,
3.8644228660000004,18.438670000000002,
4.073973273,16.482039999999998,
2.7825773910000002,7.471792999999999,
3.862396817,11.84603,
3.805612514,8.042735,
2.938813814,9.964867,
4.923606525,5.938706,
2.55578435,15.237910000000001,
2.68405878,14.86173,
2.5772572730000003,7.797067999999999,
4.080172591,12.67795,
2.9836514860000003,22.781879999999997,
2.29090241,4.619159,
2.871571317,2.411743,
4.310737703,18.01035,5.9
2.529879305,18.948620000000002,
3.013339603,11.222010000000003,18.13333333333333
3.2310796280000003,4.0323709999999995,
2.9069792469999998,13.861239999999999,21.75
3.641133298,13.16523,
5.139628783,6.044198000000001,16.42
4.770050910999999,3.1648290000000006,41.82222222222222
5.665384981000002,5.173544000000001,21.76666666666667
2.998019909,20.367379999999997,
3.1921083489999997,16.36347,9.7
3.716331058,16.19857,
1.912903232,23.63203,
1.6632421999999998,0.0674664,
4.726913767,23.23424,17.9
3.907458413,24.81553,
2.769527203,18.484479999999998,
2.882226593,4.046421,16.2535
2.859074984,3.50369,
3.4722123239999996,3.803987,51.93333333333334
2.985899706,38.581140000000005,14.15
3.144782049,7.210889999999999,
2.750261245,6.665236999999999,
3.113470847,6.28534,
2.069102242,16.913420000000002,
3.5057214969999997,18.45182,2.9
0.895877845,1.038386,
2.9920581530000003,14.29389,
3.0486149339999997,20.57013,19.299999999999997
4.935023093,27.33072,
1.828533288,14.246879999999999,
5.757144215,2.730824,45.36666666666667
2.634366369,17.091179999999998,17.5
1.696125761,9.683856,
3.735104481,13.5976,
2.9848039539999998,14.25503,
3.413908973,4.578267999999999,33.266666666666666
5.02601566,13.03219,17.1
3.31269153,8.450044,
4.190106577,21.51458,
1.476828782,12.83475,
3.069009508,27.93761,13.55
2.883714995,8.468999,
2.9444539119999997,6.198633999999999,
2.457587576,15.701179999999999,
2.8444181889999998,20.180120000000002,
3.679311065,10.63419,
1.947632391,11.17028,
3.9226927610000004,18.64787,
4.175746596000001,17.31684,
2.806270923,7.161623,
3.9573796580000002,11.65775,
3.235669073,7.9649339999999995,
2.376359362,9.257269,
4.717550685,5.381944,
2.6107487369999998,15.042910000000001,
2.528164295,15.856729999999999,
2.8186549569999997,7.753856,
3.8425317660000005,12.457,
3.161344105,20.36467,
2.241665394,3.9543150000000002,
6.016706452999999,2.750445,
4.507477004,17.2866,5.9
2.392406868,16.84894,
3.648029933,9.739096,18.13333333333333
3.1235581519999998,3.7436769999999995,
2.7145047780000002,13.470920000000001,21.75
3.653413579,12.67723,
5.547687925,5.967246,16.42
5.376047440999999,3.0519749999999997,41.82222222222222
9.148051515000002,6.244262,21.76666666666667
2.777407675,20.06863,
2.826644429,16.59023,9.7
3.247132993,16.12425,
1.91753444,21.78305,
3.4439781939999996,22.57013,17.9
4.186870272,25.54692,
2.78089389,17.51214,
3.517332213,4.041069,16.2535
3.008718053,3.3924760000000003,
5.586913136000001,2.704049000000001,51.93333333333334
2.609723415,35.17373,14.15
2.654646432,7.815588000000001,
2.573497987,7.506436999999999,
2.860004928,6.018994999999999,
1.963234776,15.85286,
3.53664359,19.10512,2.9
3.2721679089999998,14.31887,
3.626969569,20.636229999999998,19.299999999999997
4.0943886130000005,25.064410000000002,
2.439699627,16.99933,
6.0667536239999995,2.657209,45.36666666666667
2.9919466,16.997989999999998,17.5
1.851462063,9.006235,
3.977133153,13.98206,
2.670180874,15.641570000000002,
3.3611534110000014,4.238075,33.266666666666666
5.03998625,11.92608,17.1
3.8101030060000003,7.000267999999999,
4.185625098,22.58067,
1.601495308,15.44338,
3.183552092,28.474829999999997,13.55
2.656073643,7.340459,
3.1365855739999997,6.51844,
2.324783045,16.192079999999997,
2.775020403,18.85795,
2.9177954319999997,15.115960000000001,
2.443394425,10.21823,
3.948793986,19.0084,
4.173948665,16.93836,
3.07239291,7.735447,
4.053736762,11.394919999999999,
4.138672274,8.318535,
2.30857346,8.481731,
6.02294215,5.791884,
2.663494202,13.80855,
2.527962859,14.99939,
2.986551949,7.32608,
4.056352338,11.61991,
2.860707215,20.57605,
2.362189393,3.9823910000000002,
5.159812089,20.46141,5.9
2.59832342,15.99179,
4.255595563,9.906481,18.13333333333333
3.4182129060000004,3.6276269999999995,
2.8665168160000003,13.495379999999999,21.75
3.54148667,12.47078,
6.886392024,6.044353,16.42
4.5795062589999995,2.747055,41.82222222222222
5.009362721000001,6.5684499999999995,21.76666666666667
2.765640887,18.28827,
3.0824884569999997,16.07412,9.7
3.4782817639999997,16.080070000000003,
1.817539156,22.05911,
2.9068311239999995,20.54407,
3.118256643,24.16904,17.9
4.279944552,25.66706,
2.82092277,17.50628,
2.926533968,4.360628,16.2535
3.0180993380000003,3.300551,
4.7829061180000005,2.403,51.93333333333334
3.133755315,35.27217,14.15
3.450153743,8.16873,
2.692762525,8.217665,
2.967578758,5.983258,
1.864218056,14.41714,
3.7506259889999995,21.81671,2.9
3.203490248,15.297139999999999,
3.100489273,22.74245,19.299999999999997
5.313685833,25.68806,
3.1155454710000003,14.672970000000001,
6.322706505,2.869194,45.36666666666667
3.4165652339999997,17.43347,17.5
1.781571205,8.992529,
4.151844641,13.45858,
2.790783392,14.2321,
6.573036447000003,3.4075729999999997,33.266666666666666
5.558699681,11.04187,17.1
3.357076223,6.273369000000001,
3.203932922,10.38418,22.4
4.719644172,23.98959,
1.294100199,15.97309,
3.7170408289999997,30.45968,13.55
2.5271340540000002,7.436526,
3.4321505439999997,6.4899569999999995,
2.568808435,16.02465,
2.6420151780000003,19.18289,
3.6270450760000004,15.816460000000001,
2.3413548,9.519287,
4.374604841,20.55434,
4.5570751430000005,18.9305,
3.3234201160000003,6.798953999999999,
4.18875307,11.25343,
4.285319996,10.635810000000001,
2.515820959,10.02346,
4.724678566000001,5.940796,
2.7271894010000004,12.87626,
2.631449199,15.048520000000002,
2.877357033,6.826613,
4.123367321,12.21795,
3.00586123,19.33369,
3.9899161339999996,2.019469,
4.994318257,19.26921,5.9
2.463537326,15.71091,
4.511446473,10.189119999999999,18.13333333333333
3.13894395,3.817847,
2.7161138869999997,12.25013,21.75
3.9380484410000003,11.86393,
6.3744118929999996,6.141553,16.42
4.028798236,2.7852369999999995,41.82222222222222
8.324589634000002,6.197185,21.76666666666667
3.0741765969999997,19.85799,
3.2107764110000003,16.6598,9.7
3.568840567,16.05837,
2.172197293,19.63705,
3.0411641210000004,19.00906,
3.64464914,25.01882,17.9
4.146107688,27.48005,
2.899732231,16.83448,
3.186460276,3.407541,16.2535
2.810451965,13.66385,
3.749837046,2.9454860000000003,
5.529041155000001,2.316778,51.93333333333334
3.314543625,33.45535,14.15
3.0130976589999996,9.989139,
2.832065197,6.995386,
2.980629346,5.978657,
1.878225911,13.471379999999998,
3.562455884,20.99151,2.9
3.2054046689999995,16.08053,
4.995960504,23.406589999999998,19.299999999999997
5.2829028,24.39866,
1.901628511,14.391570000000002,
6.972066032000001,2.86492,45.36666666666667
4.031734434,15.1531,17.5
1.8272435409999999,8.410317,
4.178238105,13.109060000000001,
3.0008865989999998,14.029739999999999,
5.244290706,12.68793,17.1
3.368207755,7.3573889999999995,
3.0552631089999998,8.392699,22.4
4.718181355,24.66499,
1.40519434,13.36842,
3.940365977,24.43765,13.55
2.483054591,7.594887,
3.1250644960000002,6.24552,
2.327334951,14.34026,
2.645347713,18.16399,
2.963962595,14.837579999999999,
2.6681002240000002,10.62686,
4.443563752,20.62313,
4.833578285,18.5269,
3.603605972,7.277498,
4.295445798,11.452169999999999,
4.443439676000001,9.605243,
2.453423296,9.491693,
4.61665472,6.218685,
2.742028705,12.3628,
2.6699475440000002,13.880889999999999,
3.3115239119999997,6.151737000000001,
3.823206392,12.50919,
3.35642176,18.530279999999998,
3.34119876,2.0798419999999997,
5.198677846,19.82858,5.9
2.714766255,14.92314,
5.929029181000001,11.348729999999998,18.13333333333333
3.5459669289999995,4.002315,
3.210081099,12.60847,21.75
4.238338658,12.32333,
5.46552749,6.335704,16.42
4.2767941039999995,3.234375,41.82222222222222
7.011009463999998,4.959392,21.76666666666667
3.009435368,19.34206,
3.3263166760000002,16.09865,9.7
3.922471103,15.4163,
2.216575901,18.29291,
4.208823368,24.70376,17.9
4.366723235,26.764809999999997,
2.880641631,16.87893,
2.986248915,3.3985559999999997,16.2535
2.849632611,13.68715,
3.867719164,3.068598,
4.416151096,2.309885,51.93333333333334
3.36258906,32.32246,14.15
4.53992088,10.1047,
2.939133134,7.690311,
2.975307448,6.046276,
1.993578894,13.144420000000002,
3.9506887219999998,19.862479999999998,2.9
3.4704922810000003,15.4267,
4.44892618,25.418689999999998,19.299999999999997
5.101663126,29.011190000000003,
1.965916941,7.765689,
2.3500828240000002,13.29185,
6.445298206,2.96753,45.36666666666667
3.256458062,16.871560000000002,17.5
1.9195347059999999,9.204144,
4.219641175,13.200529999999999,
3.069300568,14.41485,
5.7635675829999995,13.43896,17.1
3.513463165,7.869371000000001,
3.432877628,8.661991,22.4
4.902595753,24.67332,
1.542342974,10.93564,
4.0204326219999995,28.39221,13.55
2.452447533,7.238297,
3.267796782,6.1363449999999995,
2.432198343,14.640070000000001,
3.2074256869999997,18.7156,
4.14186701,12.861880000000001,
2.375668979,9.351728999999999,
5.039552358,18.52185,
3.786216342,7.154089999999999,
4.389937604,11.2965,
3.2539898469999997,8.909372,
3.778150952,6.862964,
3.983295542,12.134310000000001,
3.173446962,18.395429999999998,
3.4634830119999997,2.367986,
5.3187531660000005,22.243570000000002,5.9
2.677012008,15.485129999999998,
3.759858608,3.943459,
3.2146552919999998,14.42051,21.75
3.7839297710000004,12.22278,
6.493148653,5.133439,16.42
4.354792934,3.5361860000000003,41.82222222222222
6.285723404,5.573680000000002,21.76666666666667
3.705387177,20.56279,
1.4108397819999998,20.67097,
3.61534903,16.63402,9.7
2.095664801,17.71487,
4.13370457,29.52575,17.9
4.2042995130000005,26.03521,
2.984537529,16.98829,
3.484791416,4.035575,16.2535
2.9219790889999997,13.01187,
4.205475428,2.76838,
3.7589226460000007,2.585601,51.93333333333334
3.596994754,32.48295,14.15
5.47311255,10.42875,
2.910121545,7.780435000000001,
3.2191570310000004,6.247719999999999,
2.167087979,13.60945,
3.738905564,21.39656,2.9
4.42457914,13.81654,
4.767594429,31.311459999999997,19.299999999999997
4.863420147,32.62127,
1.91219611,7.501061,
2.440618455,14.200339999999999,
6.636448929,3.1438040000000007,45.36666666666667
4.217501034,15.977820000000001,17.5
2.0266941000000003,8.964912,
4.283106341,13.61933,
2.827439057,13.0069,
2.6363828380000003,0.6353300999999999,
5.447313739,14.31187,17.1
3.0777278389999996,7.127646,
4.036508713,10.72752,22.4
5.279239143,28.77415,
1.383622249,9.741328999999999,
5.369347972999999,14.08595,
3.7066673089999997,25.59074,13.55
2.460785834,8.208565,
3.661298683,5.7999019999999994,
2.297011611,13.00007,
3.110603467,17.29281,
5.05758862,14.060270000000001,
2.522690892,8.596193,
4.854979429,20.14645,
3.78022445,7.2516110000000005,
4.367276536,11.05505,
3.1355104039999997,7.86002,
6.2645401110000005,5.750973,
4.031369864,6.864534,
4.288058005,10.8313,
3.247413475,17.46171,
2.712186888,1.847722,
5.805742525,26.174789999999998,5.9
3.008702279,17.86711,
3.933903935,3.9871510000000003,
2.752001095,14.11095,21.75
3.929460685,12.2041,
5.94872387,5.751341,16.42
4.732014787,3.5307959999999996,41.82222222222222
5.567252740999998,6.022556000000001,21.76666666666667
3.1650376239999995,19.385279999999998,
1.469058067,21.143720000000002,
3.4547148130000003,16.05735,9.7
2.103113105,17.76922,
4.94926664,35.222970000000004,17.9
4.09480587,24.6614,
2.9486869760000003,17.852120000000003,
3.039066553,12.244760000000001,
3.3293469589999996,3.293962,
5.347233723000001,2.3762209999999997,51.93333333333334
3.6108760510000004,29.845709999999997,14.15
3.8569346839999996,9.286868,
3.0334242110000003,7.290931,
3.481115659,6.412189,
2.294508584,13.2138,
4.4132293869999994,25.45937,2.9
1.74959833,1.153198,
4.213494685,16.428810000000002,
4.9917620860000005,37.87399,19.299999999999997
5.994979712,39.877829999999996,
1.835120725,7.622634,
2.25632672,12.86847,
7.124215471,3.216493,45.36666666666667
4.280812759,16.814510000000002,17.5
2.0736456469999998,8.777864,
3.868852059,12.02431,
3.372412933,12.28191,
1.64005875,1.469929,
5.3207985639999995,13.984279999999998,17.1
3.47223323,6.269461,
4.278220228,11.27867,22.4
5.855964662000001,35.33885,
1.7851499169999998,9.713158,
6.098170022000001,13.11195,
4.417226867,27.03557,13.55
2.424716973,9.543824,
3.557687773,6.374966000000001,
2.311086342,13.2547,
2.803001938,16.97251,
5.279545655,14.80194,
2.86390519,7.835789,
5.314181001000001,21.44825,
3.83347176,6.9694020000000005,
4.3911020569999994,11.188419999999999,
3.574227664,12.137,
3.207851924,8.021069,
6.031683833,5.565638,
3.800803272,6.766797,
4.6166973239999995,12.03813,
3.093932402,18.296310000000002,
1.9945077569999998,0.7762645,
5.924085239,28.45045,5.9
2.972672268,17.698539999999998,
3.898599453,4.163130000000001,
2.9021817339999996,13.8071,21.75
3.8881260280000003,11.94806,
7.797734518,6.051927,16.42
4.109615024,3.812184,41.82222222222222
4.997685196,5.668564000000001,21.76666666666667
3.418841898,19.0867,
1.72982865,19.94513,
3.192777023,15.429720000000001,9.7
2.469241066,15.14995,
5.5043579220000005,37.740109999999994,17.9
3.840046867,24.85681,
3.145378208,17.36844,
3.4912961069999997,3.029489,16.2535
3.1785080480000003,12.34759,
4.48221798,2.779026,
6.943899868,1.8279439999999998,51.93333333333334
3.9201965289999996,29.13849,14.15
3.537291775,11.02657,
3.019941929,7.9711039999999995,
3.499690471,6.182798,
2.413340069,13.426810000000001,
4.807082418999999,25.91698,2.9
0.7826649459999999,1.3772719999999998,
6.202858316,16.70971,
5.8612081620000005,36.34945,19.299999999999997
6.801578684,43.71309,
1.740529571,6.485308,
5.055793072,11.57039,
6.738485718,3.438644,45.36666666666667
4.249314923,18.20349,17.5
2.27023519,8.8611,
4.217683473999999,13.67746,
2.67412438,11.385869999999999,
3.190855678,3.006316,
5.87850879,13.58305,17.1
4.064930219,6.1458260000000005,
4.429769138,11.7192,22.4
6.289038392,38.99647,
1.600842118,10.967030000000001,
6.084274805,12.27202,
4.014012261,26.88709,13.55
2.32726801,9.590639,
3.871569138,6.576002000000001,
2.579996953,12.3852,
2.8017129260000004,17.73643,
3.865088732,12.62528,
2.061867566,7.550725999999999,
5.579208755,23.81222,
3.909535693,6.824561,
4.54496547,11.127139999999999,
4.85774607,11.695730000000001,
3.503726045,8.264799,
4.954053217,6.085864,
3.80510109,6.497159,
3.795164862,11.346919999999999,
3.682254871,18.21025,
8.228255413,0.7589484000000001,
6.719156595,29.043940000000003,5.9
2.87154357,17.927970000000002,
3.9731833180000002,4.613017,
2.9398157119999997,13.50905,21.75
3.968072106,12.46905,
6.962118286000001,6.892183,16.42
4.030373345,3.383617,41.82222222222222
4.74131232,6.598767,21.76666666666667
3.5294729289999998,16.5339,
1.7352898819999998,19.15213,
3.610866915,14.457920000000001,9.7
2.469259247,14.16143,
5.04218663,36.72067,17.9
3.715897294,24.45861,
3.0112951110000004,16.79073,
4.098114475,3.767147,16.2535
3.138294665,12.396230000000001,
5.160333134,2.9220639999999998,
3.8222444589999998,2.733798,51.93333333333334
3.649964573,26.65895,14.15
3.842788824,11.12525,
2.930055064,6.60699,
3.504186907,6.157893,
2.32468112,13.554170000000001,
5.612378318999999,30.82395,2.9
2.44401417,1.446493,
3.8059402860000002,17.275479999999998,
5.510127739,36.20045,19.299999999999997
5.773701395,43.22044,
1.998459051,6.490004,
3.59708454,13.886239999999999,
6.598261806,3.6539949999999997,45.36666666666667
4.047241939,18.43415,17.5
2.072794858,8.446717999999999,
3.850682082,14.538620000000002,
3.0903832280000003,11.55208,
2.917153501,2.912517,
5.536415135,13.36345,17.1
2.94629259,6.410863,
4.707042145,11.34378,22.4
6.011024312000001,38.40206,
1.7757574859999998,12.3293,
5.452473038,12.85946,
4.039666478,24.31161,13.55
2.406976176,10.65248,
3.718731995,6.438225,
2.443599335,12.8048,
2.8619496680000003,16.60126,
4.3038817410000005,16.16787,
4.317857275,6.781542999999999,
6.18717532,25.2382,
3.947747658,6.710214,
4.6340859619999994,11.058769999999999,
3.515662232,12.44208,
3.763927764,8.701978,
3.598924279,6.521007,
4.390270908,12.449810000000001,
3.792497252,17.68246,
4.969132491,1.105828,
4.09233042,4.5935440000000005,
3.2059037889999997,14.4721,21.75
3.7796245280000003,12.25137,
6.997663442000001,6.639486,16.42
4.537959706000001,3.4858429999999996,41.82222222222222
8.253902975,6.420972000000002,21.76666666666667
3.563932753,19.20495,
2.028845034,17.16899,
4.252806884,12.871889999999999,9.7
2.705085622,13.63372,
5.628900636,34.654990000000005,17.9
3.67799417,21.88372,
2.9397941210000003,15.99484,
4.29786186,4.243863,16.2535
3.0892831530000002,11.75019,
5.463403119,2.7512790000000003,
5.104404103,2.135659,51.93333333333334
3.726443329,26.954420000000002,14.15
5.545280732999999,11.22048,
3.412681089,5.3847059999999995,
3.275925813,6.3489379999999995,
2.3904423130000003,13.8193,
5.790490857000001,32.14676,2.9
1.245782034,1.5219610000000001,
5.392789219,13.681339999999999,
5.4817296870000005,32.74305,19.299999999999997
5.3889269010000005,44.35212,
2.586665682,7.150447,
3.254750022,13.75605,
6.09754045,3.6343919999999996,45.36666666666667
5.442049347999999,17.63706,17.5
2.093748039,8.656008,
3.8651713310000004,14.219079999999998,
3.008825582,10.7995,
6.624557300000003,4.583151999999999,33.266666666666666
2.662705255,2.3784669999999997,
5.638176042,13.10995,17.1
3.6674638369999997,4.892168,
5.46655911,11.35801,22.4
6.334221423,36.31998,
1.828977731,8.06874,
6.129182877000001,11.59665,
3.7071954710000004,25.64912,13.55
2.445267067,12.665239999999999,
3.177589115,6.783312,
2.4605122230000003,11.83133,
2.765558322,16.73695,
3.811061268,12.48224,
4.0934978939999995,7.723176,
6.3514864289999995,26.434109999999997,
3.5666842130000003,6.430166000000001,
4.500292455,10.77281,
4.041175084,11.6643,
4.090245959,9.523588,
6.005156207000001,5.279428,
3.37620366,6.404548,
3.880978924,13.50883,
3.413375538,16.088829999999998,
4.585919641,1.667972,
6.574483348999999,31.744790000000002,5.9
4.212573887,4.6487739999999995,
2.5907352219999997,13.697460000000001,21.75
3.922756202,11.30162,
6.173814929,6.445821,16.42
4.064731246,3.446733000000001,41.82222222222222
6.175638305,5.810333,21.76666666666667
3.4581628810000002,17.57784,
2.215708641,16.79339,
4.365695423,13.6167,9.7
2.405481154,12.45314,
6.603741922,33.128240000000005,17.9
3.953356022,23.203870000000002,
2.93738348,15.63212,
4.782753282,4.23626,16.2535
3.1838807339999997,11.73983,
6.571657279,2.973723,
3.81306972,2.18534,51.93333333333334
3.902185121,25.09564,14.15
4.390019628,12.51227,
4.473137503999999,6.458297,
3.501540283,6.265896,
2.433664805,14.500570000000002,
5.786206699,31.425929999999997,2.9
0.641518079,1.604368,
5.111785521,13.46826,
5.34020681,31.485809999999997,19.299999999999997
6.041508186000001,42.48084,
2.958392478,7.442236,
5.158883673,10.78208,
6.142243065,3.8371529999999994,45.36666666666667
5.145916808,17.05586,17.5
2.141359489,8.704877999999999,
3.740708262,14.83414,
2.738085131,10.91138,
5.761552688999999,5.682899000000003,33.266666666666666
2.273737118,2.8332450000000002,
2.9460304410000004,1.3505209999999999,
3.857569938,4.765046,
5.622819688,11.55556,22.4
6.132208127,34.26565,
2.466565512,14.14686,
1.998623254,9.523671,
5.775233248999999,10.7445,
4.60157148,25.30084,13.55
2.47781302,12.823,
3.4587653489999997,6.7625589999999995,
2.536467171,11.5211,
3.0481622369999997,15.4908,
4.629017144,13.09639,
3.895862298,8.319588000000001,
5.92476558,25.971420000000002,
3.676426246,6.425081,
4.328221039,10.520439999999999,
4.628014955,13.10711,
3.959936882,8.368260000000001,
4.940247554,5.358896,
3.8907086339999997,6.571886,
4.159641452,13.31107,
3.661471461,15.676870000000001,
3.0462759719999997,0.8385646999999999,
7.208325993,31.842109999999998,5.9
2.95548885,16.644679999999997,
4.17527773,4.570698999999999,
2.89385932,14.18205,21.75
3.8859758610000004,11.27126,
7.343281113000001,7.180727,16.42
3.7934370950000007,5.5883329999999996,41.82222222222222
9.008120172000002,6.536646,21.76666666666667
3.3870630680000002,19.31718,
2.123519936,16.73562,
4.4639198030000005,13.163210000000001,9.7
2.8648758360000004,11.69358,
6.612321467999999,30.47727,17.9
3.8741191639999997,21.08205,
3.14510387,14.81209,
4.63645879,3.172312,16.2535
3.3799361969999997,11.17164,
3.6682693769999997,3.03325,
4.194293578,2.405913,51.93333333333334
4.145214935,25.774420000000003,14.15
5.934944835,13.166379999999998,
3.307602727,5.37284,
3.709214287,5.947945,
2.731787117,19.483829999999998,
5.688855188,30.33114,2.9
0.7584121109999999,1.3081180000000001,
5.361421419,12.96068,
5.4228500529999994,30.4372,19.299999999999997
6.102399287000001,39.97705,
1.798074999,7.267075999999999,
2.8385936739999997,13.346639999999999,
6.370482921,3.7163720000000002,45.36666666666667
4.885211601,15.5725,17.5
2.147345205,8.236586,
3.4622562880000003,15.025670000000002,
2.8148657839999998,11.60942,
5.083716795,5.705083000000001,33.266666666666666
2.664594213,3.239362,
3.3306852489999996,1.43672,
3.7427438339999997,4.110432,
5.356088651,11.27186,22.4
6.158202376,32.09895,
2.7655841519999997,15.06986,
2.525589267,12.63675,
1.608805157,10.5003,
7.661244217999999,11.31283,
4.038535083,26.17643,13.55
2.84815903,17.890610000000002,
3.744633393,6.4598379999999995,
2.7240751210000003,11.325280000000001,
5.438615304,13.813039999999999,
4.116744605,10.36523,
5.763897762999999,25.86071,
3.7881573580000003,6.826987,
4.359137973,10.38139,
4.398982664,14.95599,
3.9596039960000002,8.326845,
5.287024692,5.531254,
4.375385917,6.705275,
4.120232937,12.37532,
3.1938207939999996,15.44316,
3.7954702360000003,0.7774907,
2.7372414089999997,2.012584,
6.719917027999999,30.93279,5.9
3.016504908,15.333689999999999,
4.6832876169999995,4.156154,
3.40091817,12.25715,21.75
3.9825739610000004,12.13107,
6.99345518,7.095457000000001,16.42
4.0826467509999995,5.658078,41.82222222222222
9.570230992000003,6.667119999999998,21.76666666666667
3.528210379,18.57795,
2.50130413,16.43439,
4.783727715,12.95432,9.7
3.140802935,11.88227,
5.881282076000001,29.569779999999998,17.9
4.051532933,21.039479999999998,
2.9567136689999995,14.382179999999998,
4.290267692,4.040097,16.2535
3.246175282,10.62603,
3.7894756660000004,2.892445,
5.8496758060000005,2.756548,51.93333333333334
4.29125106,26.81863,14.15
4.283840797,10.99975,
4.790627762,6.080658000000001,
3.453588758,5.439456,
2.848545974,19.21572,
5.773803601,27.94533,2.9
1.5310913480000001,1.5263719999999998,
5.1158800630000005,13.98882,
4.704294672,26.96423,19.299999999999997
6.254113606000001,40.512190000000004,
2.372561094,7.848403,
2.20536925,14.30555,
6.336265807,3.641276,45.36666666666667
5.955596885,15.46219,17.5
2.121789281,8.246371,
3.040444584,13.346779999999999,
2.849619614,12.415989999999999,
6.873224586000003,5.420963999999999,33.266666666666666
2.109243826,3.577368,
3.095811142,1.661201,
6.31171747,13.563460000000001,17.1
3.572171151,3.8816019999999996,
5.108432091,10.78912,22.4
6.10712824,35.32395,
2.7681531710000002,16.050710000000002,
2.4974600419999997,13.34126,
2.226449959,8.279798,
6.545924338,11.54251,
3.7903852999999996,24.62593,13.55
2.602953902,14.63078,
2.423779754,11.58661,
4.24971035,11.51521,
6.088929534,25.19971,
3.77796821,6.817769,
4.376647988999999,9.817642,
4.76885908,12.64637,
3.603140246,8.866324,
5.294343549,5.877512,
4.4288990130000006,7.5780389999999995,
3.818559545,11.69399,
3.2154304739999997,15.88142,
3.39623278,0.8361950999999999,
18.74606683,3.683079,
7.669045516000001,31.281840000000003,5.9
4.29110706,4.235338,
3.2059855839999996,13.052480000000001,21.75
3.5024874789999996,10.696489999999999,
6.504397011,9.828766,16.42
3.924088386,5.991630999999999,41.82222222222222
7.710554533999997,6.668330999999999,21.76666666666667
4.0042466580000005,18.022920000000003,
2.4610339569999997,14.735420000000001,
4.44039901,13.303529999999999,9.7
3.1303952269999997,10.9605,
2.959798365,0.0779294,
4.542703151,23.79946,17.9
3.1875095439999996,20.230220000000003,
3.129404065,14.99261,
5.0075776219999995,2.4388669999999997,16.2535
3.37549248,10.416160000000001,
3.7785542889999997,2.911162,
4.446214107,1.975233,51.93333333333334
4.121234155,26.17464,14.15
4.820789701,11.804960000000001,
3.877760177,6.264348,
3.362136066,5.431369,
2.8801825080000003,18.350939999999998,
1.045165655,1.235284,
4.890424288999999,12.68084,
5.827325991,27.643520000000002,19.299999999999997
5.368229243,42.39795,
2.38605126,6.824161,
3.677305793,11.522219999999999,
6.19102111,3.724148000000001,45.36666666666667
7.231188918,14.19726,17.5
2.172852672,8.000276,
4.779578087,11.839160000000001,
3.2238293,11.44005,
7.108970168,5.349835,33.266666666666666
2.498762321,3.3732290000000003,
3.133889455,2.1885209999999997,
5.694518856,13.78471,17.1
4.638172126000001,3.696454,
5.2754818839999995,11.105739999999999,22.4
6.695433963999999,35.24324,
2.80661568,15.50049,
2.603951845,12.89358,
1.997721188,8.996689,
5.027278877,11.96882,
3.281306025,23.93481,13.55
2.540778548,13.15629,
2.496470965,10.50198,
4.5589446360000005,13.19155,
6.060469966,25.46725,
3.599752993,6.589573,
4.36236145,9.532645,
5.365562644,15.65417,
3.414389799,9.197172,
6.326830207,5.88542,
3.961341267,8.426514,
3.8639586219999997,11.84839,
3.298653176,14.761829999999998,
4.668340862,2.977851,
7.416400117999999,29.6032,5.9
4.337808469,4.689151,
3.1577350230000003,12.40352,21.75
3.558097695,10.767619999999999,
6.384134757000001,10.61102,16.42
3.978047188,6.040267,41.82222222222222
6.635714217,5.569319,21.76666666666667
3.867379735,15.582070000000002,
2.653513123,13.03323,
4.719841689,12.96745,9.7
2.753748546,10.74545,
5.433802767,25.6385,17.9
3.767049917,20.55945,
3.0844217360000004,14.450220000000002,
3.7866983189999996,1.8121080000000003,16.2535
3.4205211789999996,10.44023,
6.363147006,2.503332,
4.023711066000001,2.232231,51.93333333333334
4.287958583,23.24695,14.15
5.227613766,12.19669,
4.876410709,6.154230999999999,
3.574970268,5.298044,
2.8694610110000003,17.733539999999998,
6.503953387,30.30312,2.9
1.790319318,1.152414,
6.882778187,13.07456,
5.903449146,39.387159999999994,
3.226565818,6.719395,
2.136808695,9.511007000000001,
5.230734589,4.013422,45.36666666666667
6.1176048739999995,16.23094,17.5
2.274700778,7.799189,
3.4590287269999997,12.91569,
2.919713278,11.28768,
5.992088578999998,5.826587000000002,33.266666666666666
2.154250227,3.188297,
3.484155362,1.809625,
6.668454225,13.650720000000002,17.1
4.00979664,5.546455,
6.748795263,35.49273,
3.053298989,14.46464,
2.870918445,14.43999,
1.773575196,8.901110000000001,
6.001798825,11.35117,
4.500709628,23.370279999999998,13.55
3.5840735319999997,5.983665,
2.475840165,10.84564,
2.7909923739999996,14.582220000000001,
4.164387002,13.73944,
6.760671181,23.2477,
3.8734996980000003,6.352021,
4.379107249,9.811729,
3.8681868039999996,13.93055,
3.4815181139999996,8.772025,
5.5752894,6.180861,
3.794609993,8.399384,
3.7469386410000003,11.03015,
3.9327024460000004,15.15603,
6.873178571,29.543020000000002,5.9
3.857759132,4.564687999999999,
3.538991202,12.3741,21.75
3.548051357,10.46119,
5.7898551970000005,10.2641,16.42
3.693608357,5.728444000000001,41.82222222222222
6.385262400000001,7.162079000000001,21.76666666666667
3.614649285,15.20331,
2.550621793,12.368160000000001,
4.414941726,12.25913,9.7
3.237481952,10.184289999999999,
5.829289222000001,23.85851,17.9
3.3196575569999998,18.5012,
2.9939066710000004,14.59405,
3.257324594,10.304269999999999,
4.219461083000001,2.2929470000000003,
3.5869915120000004,2.875398,51.93333333333334
4.339453021000001,22.31117,14.15
4.5890232410000005,10.937380000000001,
3.486459082,5.893611,
3.842771794,5.3411800000000005,
2.974292498,18.02855,
6.0714556570000004,28.98491,2.9
1.3744129090000001,1.564255,
4.794583933999999,13.28607,
4.951250516,24.559829999999998,19.299999999999997
7.338491262000001,40.14809,
2.237042589,6.7919089999999995,
3.71627423,10.81601,
5.434984077,3.987383,45.36666666666667
5.7948196770000004,15.16075,17.5
2.265242943,8.234311,
3.218010278,11.67196,
2.74918147,9.992784,
4.389134975,5.814389000000002,33.266666666666666
1.8238336590000002,3.4182989999999998,
3.404824857,1.8667770000000001,
5.7623676239999995,13.6517,17.1
4.013064087,8.800402,
5.470420719,12.20508,22.4
6.518622265,34.11,
3.2874052789999997,14.2481,
3.23311154,14.3126,
1.5335123869999998,8.919597999999999,
7.110505217999999,11.53703,
4.601557227,21.29828,13.55
2.527554516,17.10887,
3.427447258,6.222061,
2.831184593,10.970880000000001,
2.477347775,15.45505,
5.373888657999999,11.65305,
6.468624555,22.229,
3.6645980760000003,6.370787,
4.283906955,9.95536,
3.220203398,7.033736,
5.295599472,5.707862,
4.128135483,8.574696000000001,
3.663347547,10.10695,
3.2135220510000004,14.07254,
6.992610451,30.52928,5.9
4.252936143,4.541708,
3.273246387,10.38297,21.75
3.439905182,10.612919999999999,
5.83817443,10.40894,16.42
5.553391220000001,8.001171999999999,21.76666666666667
4.58061231,14.94755,
3.0630154189999996,11.48033,
4.62659333,13.730229999999999,9.7
3.410896413,9.329547,
5.800660411,21.5513,17.9
3.373132233,18.17117,
3.173822537,14.75186,
3.3031435389999997,10.22221,
4.35647393,2.775587,
4.778013168,2.637938,51.93333333333334
4.492666406000001,21.50005,14.15
3.8116982810000004,10.781930000000001,
5.327654453,6.361498,
3.499713985,5.234479,
3.000827432,19.64956,
6.070551622999999,29.28847,2.9
5.531125707,11.00537,
5.396543884,21.85237,19.299999999999997
6.108692862000001,37.27885,
2.61798713,6.100502,
2.753936083,7.373403999999999,
5.444061935,4.202872,45.36666666666667
7.36248994,15.89185,17.5
2.3007959469999997,7.788221000000001,
2.794527975,12.41268,
2.960253518,10.35183,
8.544194268000002,6.69641,33.266666666666666
3.69181272,3.385875,
3.050469855,2.1860459999999997,
6.397760598,13.38901,17.1
3.794568134,8.100833,
5.303074516000001,11.38388,22.4
6.603441592,31.460929999999998,
3.23342164,13.748879999999998,
1.818094415,8.833169999999999,
7.242331455,12.07549,
4.380150431000001,21.99888,13.55
2.553459175,21.20205,
3.452662592,6.3018540000000005,
2.262794901,10.37456,
2.461131087,13.21985,
6.454491762000001,21.83279,
3.598160623,6.05577,
4.204120436,9.815033,
3.034556733,6.274282,
4.725729448,4.958583,
0.566015727,6.684385300000001,36.05
1.539476417,7.699329852999999,13.350000000000001
1.118297833,4.848769665,
2.772599151,5.362178802,
2.636720505,14.55467701,
4.0593526660000006,8.045732000000001,
4.144052589,3.7415878769999997,32.4
3.8622851000000002,9.656323,
3.7459228939999996,13.6443,
4.273433111,1.380964637,
3.2541485530000003,3.374415874,
9.134470428,4.414990425,
1.028665298,14.53835678,40.13333333333333
7.869119819,3.1086025239999997,
6.753238872000001,31.08221245,5.9
2.9405034160000003,15.95385,
9.263307815,9.388795853,
1.800661464,6.057739735,
1.441894759,15.54260254,12.0
2.523503945,2.034178495,44.95
3.019754723,11.8367157,18.13333333333333
1.4677576140000002,11.21397018,
4.0127244630000005,4.544517,
6.1690036589999995,1.3700015540000001,
3.439459096,9.517831,21.75
1.9616320059999999,8.204221725,
3.20470341,14.68093586,
2.039543181,4.961071491,
1.738670792,7.214220524,40.05
3.2006139310000004,10.10099,
1.4549158030000002,5.633333682999999,
2.171511745,13.54841995,
2.136581112,8.283070563999999,
5.8101075810000005,10.68438,16.42
0.886915577,16.91324806,
4.078353042,5.3598419999999996,41.82222222222222
1.7418899959999998,4.751083851000001,
1.889938467,9.873761177,
1.626312194,4.373364925,
6.522532033,8.127507000000003,21.76666666666667
2.370370419,20.31793022,
3.37384878,14.6266,
3.117771945,11.55148,
3.5576149580000003,0.6143094,
5.327087639,12.57968,9.7
3.13927733,14.71302032,
2.5844493440000003,10.06166,
1.37872363,4.993475913999999,
5.6765147979999995,5.835250854,
4.303151319,6.519536971999998,41.04615384615384
2.643761066000001,8.504684448000003,35.28571428571429
1.256994462,1.7999036309999998,
3.18823108,8.422658920000002,37.53749999999999
1.887995474,10.12934971,
1.84275296,8.913362503,
5.965503758,20.65888,17.9
2.341155206,10.07194233,
1.378319052,3.94025898,
3.3263244710000004,18.125999999999998,
2.95055932,14.49824,
1.524788381,7.745064735,
1.796989903,6.449156761,
3.788445906,1.574350119,16.2535
3.467389701,9.719625,
1.265766905,6.288554668,
4.436214924,2.52179,
21.40290984,3.576478243,
3.318577483,2.4414340000000005,51.93333333333334
1.772854089,7.443826199,54.1
2.221801504,7.563692092999999,
2.356663202,35.75287247,
2.0743062290000003,1.519248009,58.23333333333333
1.982384683,7.060184479,
4.134554797,21.30929,14.15
2.904866045,11.42618084,
1.585035842,18.58382607,29.8
1.4779762330000001,11.39611149,
1.329288785,6.021882057000001,
3.042333818,17.03264618,20.65
5.3820914129999995,10.90351,
3.820842776,6.088309,
3.802960633,5.31370163,
2.799214234,4.417507172,
2.9420842130000002,18.53678,
2.6305023430000003,0.201448724,
6.0422926189999995,28.99517,2.9
1.8866059309999998,10.93771839,
1.48732201,1.508789182,
5.558093297999999,9.828025,
1.223519639,26.21919823,
6.06133563,20.02737,19.299999999999997
1.224345145,5.83831501,28.6
1.809793721,7.858619213,
2.8768937689999996,7.1848526,63.8
1.2257103759999999,4.667024612,
5.63534718,35.41642,
3.3942833230000002,12.40591812,
3.695168165,7.876878262000001,
1.769818735,5.767406464,
2.172796069,10.17173481,
2.153611645,8.2110672,
1.248517624,22.35347939,
2.392694628,8.262892723,
2.281783775,4.551121235,
1.062101027,7.2023835179999995,
1.79935687,6.882952212999999,
3.5134877110000002,7.767069,
5.612307792,4.157453,45.36666666666667
1.10338456,4.762269974,
6.016782012999999,15.15584,17.5
2.4257081190000003,11.1510725,
3.8581078669999997,13.08961582,
1.0050237,2.109413624,12.100000000000001
1.8981794840000001,10.55037498,59.4
1.3980820859999998,10.11499691,
1.734348334,8.021969795,
0.0,4.079525471,
1.125403856,11.65520954,25.16
2.261974111,7.801102,
3.511448179,11.815560000000001,
3.715417387,12.12226868,
2.5858557980000003,9.257975578,
1.9604737890000001,7.631049633,47.231120000000004
1.309860577,4.217076302,
1.455231028,4.735673428,
2.157884878,10.72357,
11.30264588,3.7167394160000002,
0.982860794,12.86981487,
1.337889492,5.554276466,
4.743165450000002,6.195791999999998,33.266666666666666
1.39192633,11.95694065,
2.350272649,4.474054,
2.054939314999999,1.6589077710000002,46.181481481481484
2.9598467860000004,1.922485113,
6.430354399,13.812420000000001,17.1
4.071281709,8.188375472999999,
2.834739645,2.515720844,
5.973994349,10.639569999999999,22.4
6.406076351,29.86262,
2.241193692,13.11794853,
3.9376352860000003,8.21094799,
6.398607652999999,9.593027115,
1.067897852,5.5423235889999996,
7.604204375,6.087670803,
3.4967859289999996,10.49314976,
6.177698652,6.401537895,
1.7846739619999998,6.81143856,
3.207562626,12.977210000000001,
2.770930828,14.46964836,
104.514093,9.507927895,
3.095580154,11.98049736,59.650000000000006
1.671576762,8.683154,
5.729718497,10.75127,
2.913347755,20.05259,13.55
1.2108431020000001,4.484752655,
1.224466899,29.86416435,
3.572724282,15.714571,
2.5035332980000002,21.88241,
3.38880377,6.247683,
3.931918745,28.10404587,8.9
2.2950124780000003,9.709555626,46.5
3.4232472169999997,20.747430800000004,
1.41150863,12.87222195,
2.6588664630000003,10.68662,
2.358507487,13.09476,
1.3370348840000001,0.5235275629999999,
1.545597509,2.648980856,47.2
2.258286248,12.41118145,
2.6872990089999997,9.847459792999999,
1.773626841,9.633114815,
1.881027676,6.369887829,60.2
0.759847424,4.527851582,
3.140495729,14.54716682,
2.1958806,3.1468141079999996,23.73333333333333
1.736409132,3.56332469,
5.208341721,12.21676922,
1.109834388,7.934811592000001,
2.090610166,12.28912163,
6.931906517000001,20.04554,
6.58628422,1.392950654,
3.397484655,6.271399,
3.8757641030000003,10.02633,
4.190918808,14.537270000000001,
3.38781336,5.342295,
1.1344258040000001,4.983421803,
4.561073873,4.333949,
1.530401986,11.65332222,18.95
1.346500059,6.265789032000001,
2.077426836,12.01903629,59.9
2.008948371,13.90526676,
